Protein,Label
A0A075B6H7,Negative
A0A075B6H9,Negative
A0A075B6I0,Negative
A0A075B6I1,Negative
A0A075B6I9,Negative
A0A075B6J1,Negative
A0A075B6J2,Negative
A0A075B6J9,Negative
A0A075B6K0,Negative
A0A075B6K2,Negative
A0A075B6K4,Negative
A0A075B6K5,Negative
A0A075B6P5;P01615,Negative
A0A075B6Q5,Negative
A0A075B6R2,Negative
A0A075B6S2,Negative
A0A075B6S5,Negative
A0A075B6S6,Negative
A0A075B6S9;P0DSN7,Negative
A0A075B6W8,Negative
A0A075B7B6,Negative
A0A075B7D0,Negative
A0A075B7F0,Negative
A0A087WSX0,Negative
A0A087WSY4,Negative
A0A087WSY6,Negative
A0A087WSZ0,Negative
A0A087WW87;P01614,Negative
A0A087WYE8,Negative
A0A0A0MRZ9,Negative
A0A0A0MS14,Negative
A0A0A0MS15,Negative
A0A0A0MT36,Negative
A0A0A0MT69,Negative
A0A0A0MT89,Negative
A0A0B4J1U7,Negative
A0A0B4J1V0,Negative
A0A0B4J1V1,Negative
A0A0B4J1V2,Negative
A0A0B4J1V6,Negative
A0A0B4J1X5,Negative
A0A0B4J1X8,Negative
A0A0B4J1Y8,Negative
A0A0B4J1Y9,Negative
A0A0B4J2B5,Negative
A0A0B4J2D9;P0DP09,Negative
A0A0B4J2H0,Negative
A0A0C4DH24,Negative
A0A0C4DH25,Negative
A0A0C4DH29,Negative
A0A0C4DH30,Negative
A0A0C4DH31,Negative
A0A0C4DH32,Negative
A0A0C4DH33,Negative
A0A0C4DH34,Negative
A0A0C4DH35,Negative
A0A0C4DH36,Negative
A0A0C4DH38,Negative
A0A0C4DH39,Negative
A0A0C4DH43,Negative
A0A0C4DH67,Negative
A0A0C4DH73;P01611,Negative
A0A0G2JMI3,Negative
A0A0G2JRQ6,Negative
A0A0G2JS06,Negative
A0A0J9YX35,Negative
A0A0J9YXX1,Negative
A0A0J9YY99,Negative
A0A1W2PNU3,Negative
A0A1W2PQ73,Negative
A0A1W2PR80,Negative
A0A8I5KQE6;P08865,Negative
A0A8V8TPW1,Negative
A0AVI2,Negative
A1L4H1,Negative
A2CJ06,Negative
A2PYH4,Negative
A2RU67,Negative
A4D1P6,Negative
A6BM72,Negative
A6NCE7;Q9GZQ8,Negative
A6NGN9,Negative
A6NGU5;P19440;P36268,Negative
A6NHC0,Negative
A6NHR9,Negative
A6NHZ5,Negative
A6NIR3;Q8TF27;Q9UPQ3,Negative
A6NKQ9;P0DN86,Negative
A6NL88,Negative
A6NLU5,Negative
A7E2V4,Negative
A8MTW9,Negative
A8MVW0,Negative
A8MX76,Negative
A8TX70,Negative
B1AKI9,Negative
B1AL88,Negative
B2RTY4,Negative
B2RUY7,Negative
B8ZZ34,Negative
B9A064,Negative
C9JVW0,Negative
I3L3R5,Negative
O00115,Negative
O00116,Negative
O00142,Negative
O00187,Negative
O00213,Negative
O00214,Negative
O00230,Negative
O00238,Negative
O00264,Negative
O00294;P50607,Negative
O00300,Negative
O00303,Negative
O00339,Negative
O00391,Negative
O00398,Negative
O00451,Negative
O00461,Negative
O00462,Negative
O00468,Negative
O00469,Negative
O00487,Negative
O00499,Negative
O00533,Negative
O00548,Negative
O00560,Negative
O00566,Negative
O00567,Negative
O00571;O15523,Negative
O00584,Negative
O00585,Negative
O00587,Negative
O00592,Negative
O00622,Negative
O00743,Negative
O00754,Negative
O14498,Negative
O14514,Negative
O14522,Negative
O14525,Negative
O14594,Negative
O14617,Negative
O14618,Negative
O14668,Negative
O14672,Negative
O14717,Negative
O14737,Negative
O14744,Negative
O14745,Negative
O14773,Negative
O14776,Negative
O14786,Negative
O14791,Negative
O14793,Negative
O14810,Negative
O14815,Negative
O14817,Negative
O14818,Negative
O14917,Negative
O15031,Negative
O15040,Negative
O15041,Negative
O15042,Negative
O15067,Negative
O15072,Negative
O15118,Negative
O15123,Negative
O15126,Negative
O15143,Negative
O15144,Negative
O15145,Negative
O15197,Negative
O15204,Negative
O15230,Negative
O15232,Negative
O15240,Negative
O15354,Negative
O15394,Negative
O15400,Negative
O15466,Negative
O15467,Negative
O15498,Negative
O15511,Negative
O15540,Negative
O43143,Negative
O43155,Negative
O43157,Negative
O43173,Negative
O43184,Negative
O43189,Negative
O43237,Negative
O43278,Negative
O43286;Q9UBX8,Negative
O43290,Negative
O43291,Negative
O43300,Negative
O43390,Negative
O43396,Negative
O43399,Negative
O43405,Negative
O43426,Negative
O43488,Negative
O43493,Negative
O43504,Negative
O43505,Negative
O43508,Negative
O43529,Negative
O43556,Negative
O43567,Negative
O43581,Negative
O43583,Negative
O43612,Negative
O43665,Negative
O43677,Negative
O43680,Negative
O43684,Negative
O43707,Negative
O43776,Negative
O43790;P78385;Q14533,Negative
O43809,Negative
O43827,Negative
O43852,Negative
O43854,Negative
O43866,Negative
O43897,Negative
O43909,Negative
O43915,Negative
O43916,Negative
O60234,Negative
O60241,Negative
O60242,Negative
O60243,Negative
O60245,Negative
O60262,Negative
O60279,Negative
O60281,Negative
O60291,Negative
O60330,Negative
O60341,Negative
O60353,Negative
O60431,Negative
O60449,Negative
O60462,Negative
O60476,Negative
O60477,Negative
O60486,Negative
O60507,Negative
O60512,Negative
O60513,Negative
O60565,Negative
O60568,Negative
O60609,Negative
O60613,Negative
O60687,Negative
O60739;P41567,Negative
O60783,Negative
O60784,Negative
O60814;P57053;P58876;P62807;Q5QNW6;Q93079;Q99877;Q99879;Q99880,Negative
O60832,Negative
O60841,Negative
O60844,Negative
O60869,Negative
O60883,Negative
O60888,Negative
O60909,Negative
O60925,Negative
O60928,Negative
O60939,Negative
O75015,Negative
O75019,Negative
O75051,Negative
O75063,Negative
O75071,Negative
O75077,Negative
O75078,Negative
O75083,Negative
O75084,Negative
O75094,Negative
O75095,Negative
O75096,Negative
O75144,Negative
O75147,Negative
O75153,Negative
O75173,Negative
O75223,Negative
O75324,Negative
O75326,Negative
O75340,Negative
O75354,Negative
O75368,Negative
O75369,Negative
O75396,Negative
O75419,Negative
O75420,Negative
O75431,Negative
O75445,Negative
O75448,Negative
O75462,Negative
O75487,Negative
O75503,Negative
O75509,Negative
O75534,Negative
O75581,Negative
O75592,Negative
O75594,Negative
O75629,Negative
O75643,Negative
O75691,Negative
O75694,Negative
O75711,Negative
O75752,Negative
O75781,Negative
O75787,Negative
O75821,Negative
O75874,Negative
O75882,Negative
O75884,Negative
O75888,Negative
O75962,Negative
O75973,Negative
O75976,Negative
O76061,Negative
O76070,Negative
O76074,Negative
O76076,Negative
O94760,Negative
O94766,Negative
O94769,Negative
O94772,Negative
O94779,Negative
O94826,Negative
O94856,Negative
O94898,Negative
O94910,Negative
O94919,Negative
O94923,Negative
O94933,Negative
O94985,Negative
O94986,Negative
O94991,Negative
O95084,Negative
O95156,Negative
O95157,Negative
O95158,Negative
O95159,Negative
O95166;Q9H0R8,Negative
O95185,Negative
O95196,Negative
O95206,Negative
O95271;Q9H2K2,Negative
O95336,Negative
O95390,Negative
O95407,Negative
O95428,Negative
O95433,Negative
O95445,Negative
O95450,Negative
O95461,Negative
O95477,Negative
O95479,Negative
O95490,Negative
O95497,Negative
O95498,Negative
O95502,Negative
O95633,Negative
O95674,Negative
O95711,Negative
O95715,Negative
O95747,Negative
O95757,Negative
O95777,Negative
O95782,Negative
O95793,Negative
O95817,Negative
O95841,Negative
O95861,Negative
O95865,Negative
O95897,Negative
O95922,Negative
O95965,Negative
O95967,Negative
O95970,Negative
O95980,Negative
O95989,Negative
O95998,Negative
O96000,Negative
P00338,Negative
P00352,Negative
P00387,Negative
P00390,Negative
P00441,Negative
P00450,Negative
P00488,Negative
P00491,Negative
P00492,Negative
P00505,Negative
P00533,Negative
P00558,Negative
P00568,Negative
P00734,Negative
P00736,Negative
P00738,Negative
P00739,Negative
P00740,Negative
P00742,Negative
P00746,Negative
P00747,Negative
P00748,Negative
P00751,Negative
P00813,Negative
P00915,Negative
P00918,Negative
P01008,Negative
P01009,Negative
P01011,Negative
P01019,Negative
P01023,Negative
P01024,Negative
P01031,Negative
P01033,Negative
P01034,Negative
P01036;P01037,Negative
P01040,Negative
P01042,Negative
P01127,Negative
P01130,Negative
P01135,Negative
P01137,Negative
P01138,Negative
P01148,Negative
P01178,Negative
P01189,Negative
P01210,Negative
P01213,Negative
P01229,Negative
P01236,Negative
P01258,Negative
P01266,Negative
P01303,Negative
P01344,Negative
P01591,Negative
P01593;P01594,Negative
P01597;P04432,Negative
P01599,Negative
P01601,Negative
P01602,Negative
P01619,Negative
P01700,Negative
P01701,Negative
P01703,Negative
P01704,Negative
P01705,Negative
P01706,Negative
P01709,Negative
P01714,Negative
P01715,Negative
P01717,Negative
P01718,Negative
P01721,Negative
P01732,Negative
P01742,Negative
P01743,Negative
P01762,Negative
P01763,Negative
P01764,Negative
P01766,Negative
P01767,Negative
P01772,Negative
P01780,Negative
P01782,Negative
P01814,Negative
P01817,Negative
P01824,Negative
P01825,Negative
P01833,Negative
P01834,Negative
P01857,Negative
P01859,Negative
P01860,Negative
P01861,Negative
P01871,Negative
P01876,Negative
P01877,Negative
P01880,Negative
P01889,Negative
P01893,Negative
P01911,Negative
P02008,Negative
P02042,Negative
P02144,Negative
P02452,Negative
P02461,Negative
P02462,Negative
P02511,Negative
P02533,Negative
P02545,Negative
P02549,Negative
P02647,Negative
P02649,Negative
P02652,Negative
P02654,Negative
P02655,Negative
P02656,Negative
P02671,Negative
P02675,Negative
P02679,Negative
P02686,Negative
P02730,Negative
P02741,Negative
P02743,Negative
P02745,Negative
P02746,Negative
P02747,Negative
P02748,Negative
P02749,Negative
P02750,Negative
P02751,Negative
P02753,Negative
P02760,Negative
P02763,Negative
P02765,Negative
P02766,Negative
P02768,Negative
P02771,Negative
P02774,Negative
P02775,Negative
P02778,Negative
P02786,Negative
P02787,Negative
P02788,Negative
P02790,Negative
P02792,Negative
P02794,Negative
P02795;P13640;P80297,Negative
P03950,Negative
P03951,Negative
P03952,Negative
P03973,Negative
P04003,Negative
P04004,Negative
P04040,Negative
P04062,Negative
P04066,Negative
P04070,Negative
P04075,Negative
P04080,Negative
P04083,Negative
P04085,Negative
P04114,Negative
P04118,Negative
P04156,Negative
P04179,Negative
P04180,Negative
P04181,Negative
P04196,Negative
P04211,Negative
P04216,Negative
P04217,Negative
P04233,Negative
P04264,Negative
P04271,Negative
P04275,Negative
P04278,Negative
P04350,Negative
P04406,Negative
P04433,Negative
P04439,Negative
P04632,Negative
P04733,Negative
P04792,Negative
P04818,Negative
P04839,Negative
P04844,Negative
P04899,Negative
P05023,Negative
P05026,Negative
P05060,Negative
P05067,Negative
P05090,Negative
P05107,Negative
P05109,Negative
P05121,Negative
P05154,Negative
P05155,Negative
P05156,Negative
P05160,Negative
P05164,Negative
P05186,Negative
P05305,Negative
P05362,Negative
P05386,Negative
P05408,Negative
P05413,Negative
P05452,Negative
P05455,Negative
P05543,Negative
P05546,Negative
P05556,Negative
P05771,Negative
P05783,Negative
P05937,Negative
P05976,Negative
P05997,Negative
P06276,Negative
P06280,Negative
P06307,Negative
P06312,Negative
P06331,Negative
P06396,Negative
P06454,Negative
P06576,Negative
P06681,Negative
P06702,Negative
P06703,Negative
P06727,Negative
P06732,Negative
P06733,Negative
P06734,Negative
P06744,Negative
P06748,Negative
P06865,Negative
P07093,Negative
P07108,Negative
P07148,Negative
P07195,Negative
P07196,Negative
P07197,Negative
P07203,Negative
P07225,Negative
P07237,Negative
P07307,Negative
P07311,Negative
P07333,Negative
P07339,Negative
P07355,Negative
P07357,Negative
P07358,Negative
P07359,Negative
P07360,Negative
P07384,Negative
P07437,Negative
P07451,Negative
P07492,Negative
P07602,Negative
P07686,Negative
P07711,Negative
P07737,Negative
P07814,Negative
P07858,Negative
P07900,Negative
P07919,Negative
P07942,Negative
P07949,Negative
P07951,Negative
P07996,Negative
P07998,Negative
P08069,Negative
P08123,Negative
P08133,Negative
P08138,Negative
P08174,Negative
P08185,Negative
P08195,Negative
P08237,Negative
P08238,Negative
P08253,Negative
P08294,Negative
P08397,Negative
P08476,Negative
P08493,Negative
P08571,Negative
P08572,Negative
P08574,Negative
P08575,Negative
P08581,Negative
P08582,Negative
P08590,Negative
P08603,Negative
P08637,Negative
P08670,Negative
P08697,Negative
P08709,Negative
P08754,Negative
P08758,Negative
P08779,Negative
P08887,Negative
P08949,Negative
P08962,Negative
P09012,Negative
P09104,Negative
P09172,Negative
P09211,Negative
P09326,Negative
P09382,Negative
P09417,Negative
P09429,Negative
P09455,Negative
P09486,Negative
P09493,Negative
P09529,Negative
P09543,Negative
P09603,Negative
P09619,Negative
P09622,Negative
P09651,Negative
P09871,Negative
P09874,Negative
P09936,Negative
P09958,Negative
P09960,Negative
P09972,Negative
P0C0L4,Negative
P0C0L5,Negative
P0C6S8,Negative
P0C7W0,Negative
P0CG47;P0CG48;P62979;P62987,Negative
P0DJI8,Negative
P0DMQ5,Negative
P0DMV8;P0DMV9,Negative
P0DOY2;P0DOY3,Negative
P0DP01,Negative
P0DP02,Negative
P0DP08,Negative
P0DP23;P0DP24;P0DP25,Negative
P0DP58,Negative
P0DPH7;P0DPH8,Negative
P0DTE1,Negative
P0DTE7;P0DTE8;P0DUB6,Negative
P10114,Negative
P10124,Negative
P10145,Negative
P10153,Negative
P10155,Negative
P10242;P10243,Negative
P10253,Negative
P10321,Negative
P10412;P16402;P16403;P22492;Q02539,Negative
P10451,Negative
P10586,Negative
P10599,Negative
P10619,Negative
P10636,Negative
P10643,Negative
P10644,Negative
P10645,Negative
P10646,Negative
P10721,Negative
P10745,Negative
P10768,Negative
P10809,Negative
P10909,Negative
P10915,Negative
P10916,Negative
P11021,Negative
P11047,Negative
P11055,Negative
P11117,Negative
P11142,Negative
P11215,Negative
P11226,Negative
P11279,Negative
P11362,Negative
P11413,Negative
P11597,Negative
P11717,Negative
P11766,Negative
P11940,Negative
P12107,Negative
P12109,Negative
P12110,Negative
P12111,Negative
P12259,Negative
P12268,Negative
P12272,Negative
P12277,Negative
P12314,Negative
P12318,Negative
P12532,Negative
P12724,Negative
P12814,Negative
P12821,Negative
P12830,Negative
P12882,Negative
P12883,Negative
P12955,Negative
P12956,Negative
P13164;Q01628;Q01629,Negative
P13284,Negative
P13473,Negative
P13489,Negative
P13497,Negative
P13500,Negative
P13521,Negative
P13584,Negative
P13591,Negative
P13598,Negative
P13611,Negative
P13637,Negative
P13639,Negative
P13645,Negative
P13647,Negative
P13667,Negative
P13671,Negative
P13686,Negative
P13693,Negative
P13716,Negative
P13726,Negative
P13727,Negative
P13747,Negative
P13796,Negative
P13797,Negative
P13805,Negative
P13929,Negative
P13987,Negative
P14136,Negative
P14138,Negative
P14151,Negative
P14207,Negative
P14209,Negative
P14314,Negative
P14384,Negative
P14543,Negative
P14550,Negative
P14555,Negative
P14618,Negative
P14621,Negative
P14625,Negative
P14678;P63162,Negative
P14866,Negative
P14867;P34903;P47869,Negative
P14868,Negative
P14923,Negative
P15086,Negative
P15090,Negative
P15104,Negative
P15121,Negative
P15144,Negative
P15151,Negative
P15169,Negative
P15170;Q8IYD1,Negative
P15259,Negative
P15260,Negative
P15289,Negative
P15291,Negative
P15311,Negative
P15328,Negative
P15502,Negative
P15529,Negative
P15531,Negative
P15692,Negative
P15814,Negative
P15848,Negative
P15907,Negative
P16035,Negative
P16070,Negative
P16083,Negative
P16112,Negative
P16152,Negative
P16157,Negative
P16234,Negative
P16278,Negative
P16298;Q08209,Negative
P16442,Negative
P16519,Negative
P16860,Negative
P16870,Negative
P16930,Negative
P16949,Negative
P17050,Negative
P17174,Negative
P17181,Negative
P17302,Negative
P17405,Negative
P17600,Negative
P17655,Negative
P17677,Negative
P17693,Negative
P17813,Negative
P17844,Negative
P17900,Negative
P17931,Negative
P17936,Negative
P17980,Negative
P17987,Negative
P18065,Negative
P18206,Negative
P18428,Negative
P18509,Negative
P18669,Negative
P18850,Negative
P19021,Negative
P19022,Negative
P19113,Negative
P19256,Negative
P19320,Negative
P19367,Negative
P19623,Negative
P19652,Negative
P19784,Negative
P19823,Negative
P19827,Negative
P19835,Negative
P19961,Negative
P20062,Negative
P20138,Negative
P20155,Negative
P20333,Negative
P20338,Negative
P20339;P51148;P61020,Negative
P20340;Q9NRW1,Negative
P20366,Negative
P20396,Negative
P20472,Negative
P20618,Negative
P20700,Negative
P20742,Negative
P20774,Negative
P20810,Negative
P20827,Negative
P20851,Negative
P20908,Negative
P20916,Negative
P20930,Negative
P20933,Negative
P21246,Negative
P21266,Negative
P21291,Negative
P21333,Negative
P21579,Negative
P21583,Negative
P21589,Negative
P21709,Negative
P21741,Negative
P21796,Negative
P21802,Negative
P21810,Negative
P21860,Negative
P21926,Negative
P22004,Negative
P22061,Negative
P22087,Negative
P22105,Negative
P22303,Negative
P22304,Negative
P22314,Negative
P22352,Negative
P22392,Negative
P22607,Negative
P22626,Negative
P22676,Negative
P22692,Negative
P22695,Negative
P22732,Negative
P22748,Negative
P22792,Negative
P22891,Negative
P22897,Negative
P22914,Negative
P23083,Negative
P23142,Negative
P23229,Negative
P23246,Negative
P23284,Negative
P23297,Negative
P23327,Negative
P23435,Negative
P23467,Negative
P23468,Negative
P23470,Negative
P23471,Negative
P23515,Negative
P23526,Negative
P23528,Negative
P23560,Negative
P23582,Negative
P23588,Negative
P24043,Negative
P24387,Negative
P24534,Negative
P24539,Negative
P24588,Negative
P24592,Negative
P24593,Negative
P24821,Negative
P24844,Negative
P25189,Negative
P25311,Negative
P25325,Negative
P25391,Negative
P25445,Negative
P25705,Negative
P25713,Negative
P25786,Negative
P25788,Negative
P25789,Negative
P26012,Negative
P26038,Negative
P26358,Negative
P26367,Negative
P26368,Negative
P26373,Negative
P26447,Negative
P26572,Negative
P26583,Negative
P26640,Negative
P26885,Negative
P26927,Negative
P26992,Negative
P27105,Negative
P27169,Negative
P27361,Negative
P27487,Negative
P27708,Negative
P27797,Negative
P27824,Negative
P27918,Negative
P28066,Negative
P28072,Negative
P28074,Negative
P28161,Negative
P28340,Negative
P28482,Negative
P28799,Negative
P28827,Negative
P28908,Negative
P29120,Negative
P29122,Negative
P29218,Negative
P29279,Negative
P29323,Negative
P29401,Negative
P29474,Negative
P29622,Negative
P29762,Negative
P29966,Negative
P30041,Negative
P30043,Negative
P30044,Negative
P30046,Negative
P30047,Negative
P30048,Negative
P30050,Negative
P30085,Negative
P30086,Negative
P30101,Negative
P30530,Negative
P30531,Negative
P30533,Negative
P30566,Negative
P30613,Negative
P30626,Negative
P30740,Negative
P30990,Negative
P31146,Negative
P31150,Negative
P31153,Negative
P31321,Negative
P31431,Negative
P31689,Negative
P31937,Negative
P31939,Negative
P31946,Negative
P31948,Negative
P31949,Negative
P32004,Negative
P32119,Negative
P32780,Negative
P32942,Negative
P32971,Negative
P33151,Negative
P33176,Negative
P33316,Negative
P33552,Negative
P33908,Negative
P33991,Negative
P33993,Negative
P34059,Negative
P34096,Negative
P34741,Negative
P34932,Negative
P34949,Negative
P35052,Negative
P35080,Negative
P35219,Negative
P35237,Negative
P35241,Negative
P35247,Negative
P35318,Negative
P35442,Negative
P35443,Negative
P35475,Negative
P35520,Negative
P35527,Negative
P35542,Negative
P35555,Negative
P35579,Negative
P35580,Negative
P35590,Negative
P35606,Negative
P35609,Negative
P35611,Negative
P35613,Negative
P35625,Negative
P35749,Negative
P35754,Negative
P35858,Negative
P35908,Negative
P35968,Negative
P36222,Negative
P36269,Negative
P36404,Negative
P36542,Negative
P36578,Negative
P36871,Negative
P36873;P62136;P62140,Negative
P36896,Negative
P36955,Negative
P36957,Negative
P36969,Negative
P36980,Negative
P37173,Negative
P37802,Negative
P37837,Negative
P37840,Negative
P38117,Negative
P38159;Q96E39,Negative
P38571,Negative
P38606,Negative
P39059,Negative
P39060,Negative
P39656,Negative
P39687,Negative
P39748,Negative
P40121,Negative
P40123,Negative
P40189,Negative
P40227,Negative
P40925,Negative
P40926,Negative
P41159,Negative
P41217,Negative
P41222,Negative
P41250,Negative
P41252,Negative
P41271,Negative
P41586,Negative
P41594;Q13255,Negative
P41732,Negative
P42229;P51692,Negative
P42262,Negative
P42285,Negative
P42658,Negative
P42681,Negative
P42695,Negative
P42696,Negative
P42785,Negative
P42857,Negative
P42892,Negative
P43004,Negative
P43034,Negative
P43121,Negative
P43146,Negative
P43234,Negative
P43243,Negative
P43251,Negative
P43487,Negative
P43652,Negative
P43686,Negative
P45381,Negative
P45877,Negative
P45974,Negative
P46098,Negative
P46108,Negative
P46459,Negative
P46531,Negative
P46777,Negative
P46778,Negative
P46821,Negative
P46926,Negative
P46939,Negative
P46976,Negative
P47756,Negative
P47972,Negative
P47992;Q9UBD3,Negative
P48058,Negative
P48059,Negative
P48061,Negative
P48066,Negative
P48147,Negative
P48163,Negative
P48357,Negative
P48539,Negative
P48551,Negative
P48634,Negative
P48637,Negative
P48668,Negative
P48723,Negative
P48740,Negative
P48745,Negative
P48960,Negative
P49006,Negative
P49184,Negative
P49189,Negative
P49257,Negative
P49327,Negative
P49368,Negative
P49406,Negative
P49411,Negative
P49418,Negative
P49441,Negative
P49585;Q9Y5K3,Negative
P49588,Negative
P49593,Negative
P49641,Negative
P49721,Negative
P49746,Negative
P49747,Negative
P49767,Negative
P49768,Negative
P49773,Negative
P49821,Negative
P49908,Negative
P49913,Negative
P49915,Negative
P50053,Negative
P50135,Negative
P50238,Negative
P50281,Negative
P50395,Negative
P50453,Negative
P50502,Negative
P50570,Negative
P50895,Negative
P50897,Negative
P50990,Negative
P50993,Negative
P50995,Negative
P51149,Negative
P51161,Negative
P51398,Negative
P51511,Negative
P51512,Negative
P51659,Negative
P51665,Negative
P51674,Negative
P51693,Negative
P51805,Negative
P51884,Negative
P51888,Negative
P51970,Negative
P51991,Negative
P52209,Negative
P52272,Negative
P52565,Negative
P52566,Negative
P52597,Negative
P52735,Negative
P52758,Negative
P52799,Negative
P52803,Negative
P52823,Negative
P52848,Negative
P52895,Negative
P52907,Negative
P52943,Negative
P53004,Negative
P53007,Negative
P53041,Negative
P53396,Negative
P53618,Negative
P53634,Negative
P53990,Negative
P54108,Negative
P54289,Negative
P54296,Negative
P54578,Negative
P54652,Negative
P54709,Negative
P54727,Negative
P54753,Negative
P54756,Negative
P54760,Negative
P54762,Negative
P54764,Negative
P54802,Negative
P54803,Negative
P54826,Negative
P54920,Negative
P55000,Negative
P55011,Negative
P55058,Negative
P55060,Negative
P55072,Negative
P55083,Negative
P55087,Negative
P55103,Negative
P55107,Negative
P55196,Negative
P55199,Negative
P55209,Negative
P55268,Negative
P55283,Negative
P55285,Negative
P55286,Negative
P55287,Negative
P55289,Negative
P55290,Negative
P55291,Negative
P55327,Negative
P55774,Negative
P55786,Negative
P55854;P61956;Q6EEV6,Negative
P55884,Negative
P55899,Negative
P55957,Negative
P56159,Negative
P56182,Negative
P56192,Negative
P56199,Negative
P56277,Negative
P56537,Negative
P56705,Negative
P56817,Negative
P56975,Negative
P57087,Negative
P57730,Negative
P58215,Negative
P58335,Negative
P58417,Negative
P58499,Negative
P58546,Negative
P59045,Negative
P59190,Negative
P59539,Negative
P59665,Negative
P59666,Negative
P60022,Negative
P60033,Negative
P60174,Negative
P60520,Negative
P60660,Negative
P60709;P63261,Negative
P60880,Negative
P60900,Negative
P60981,Negative
P60983,Negative
P61006,Negative
P61018,Negative
P61019,Negative
P61026,Negative
P61077,Negative
P61086,Negative
P61088,Negative
P61106,Negative
P61158,Negative
P61160,Negative
P61204;P84077,Negative
P61224;P62834,Negative
P61266,Negative
P61278,Negative
P61326;Q96A72,Negative
P61353,Negative
P61457,Negative
P61586,Negative
P61604,Negative
P61626,Negative
P61764,Negative
P61769,Negative
P61916,Negative
P61970,Negative
P61978,Negative
P61981,Negative
P62081,Negative
P62244,Negative
P62258,Negative
P62273,Negative
P62277,Negative
P62314,Negative
P62318,Negative
P62328,Negative
P62491;Q15907,Negative
P62714;P67775,Negative
P62760,Negative
P62805,Negative
P62826,Negative
P62837,Negative
P62841,Negative
P62857,Negative
P62873,Negative
P62879,Negative
P62888,Negative
P62891;Q59GN2,Negative
P62910,Negative
P62937,Negative
P62942,Negative
P62993,Negative
P63000,Negative
P63010,Negative
P63027,Negative
P63104,Negative
P63208,Negative
P63218,Negative
P63241,Negative
P63244,Negative
P63313,Negative
P63316,Negative
P67809,Negative
P67812,Negative
P67936,Negative
P68036,Negative
P68104,Negative
P68133,Negative
P68363,Negative
P68400,Negative
P68402,Negative
P68871,Negative
P69849;Q15155;Q5JPE7,Negative
P69905,Negative
P78310,Negative
P78324,Negative
P78332,Negative
P78333,Negative
P78371,Negative
P78380,Negative
P78395,Negative
P78410,Negative
P78417,Negative
P78423,Negative
P78504,Negative
P78509,Negative
P78536,Negative
P78539,Negative
P80108,Negative
P80188,Negative
P80303,Negative
P80370,Negative
P80723,Negative
P80748,Negative
P81172,Negative
P81605,Negative
P82987,Negative
P86452,Negative
P98066,Negative
P98095,Negative
P98153,Negative
P98155,Negative
P98160,Negative
P98161,Negative
P98164,Negative
P98172,Negative
P98173,Negative
P99999,Negative
Q00169,Negative
Q00534,Negative
Q00610,Negative
Q00688,Negative
Q00839,Negative
Q00973,Negative
Q01082,Negative
Q01105,Negative
Q01130,Negative
Q01151,Negative
Q01459,Negative
Q01469,Negative
Q01518,Negative
Q01546,Negative
Q01973,Negative
Q01974,Negative
Q01995,Negative
Q02086,Negative
Q02223,Negative
Q02241,Negative
Q02246,Negative
Q02413,Negative
Q02487,Negative
Q02641,Negative
Q02742,Negative
Q02747,Negative
Q02763,Negative
Q02779,Negative
Q02790,Negative
Q02809,Negative
Q02818,Negative
Q02878,Negative
Q02952,Negative
Q02985,Negative
Q03154,Negative
Q03167,Negative
Q03405,Negative
Q03468,Negative
Q03591,Negative
Q03692,Negative
Q04446,Negative
Q04695,Negative
Q04721,Negative
Q04756,Negative
Q04760,Negative
Q04771,Negative
Q04828,Negative
Q04917,Negative
Q05193,Negative
Q05519,Negative
Q05682,Negative
Q05707,Negative
Q05996,Negative
Q06033,Negative
Q06124,Negative
Q06187,Negative
Q06323,Negative
Q06418,Negative
Q06481,Negative
Q06520,Negative
Q06828,Negative
Q06830,Negative
Q07075,Negative
Q07092,Negative
Q07507,Negative
Q07654,Negative
Q07666,Negative
Q07699,Negative
Q07954,Negative
Q08174,Negative
Q08211,Negative
Q08334,Negative
Q08345,Negative
Q08380,Negative
Q08397,Negative
Q08431,Negative
Q08554,Negative
Q08629,Negative
Q08722,Negative
Q08830,Negative
Q08AD1,Negative
Q08AN1,Negative
Q08ET2,Negative
Q08J23,Negative
Q09028,Negative
Q09161,Negative
Q09327,Negative
Q09328,Negative
Q09666,Negative
Q0P6D2,Negative
Q10469,Negative
Q10471,Negative
Q10472,Negative
Q10567,Negative
Q10588,Negative
Q10589,Negative
Q11206,Negative
Q12765,Negative
Q12769,Negative
Q12778,Negative
Q12789,Negative
Q12791,Negative
Q12794,Negative
Q12797,Negative
Q12805,Negative
Q12841,Negative
Q12849,Negative
Q12860,Negative
Q12866,Negative
Q12873;Q14839;Q8TDI0,Negative
Q12874,Negative
Q12884,Negative
Q12904,Negative
Q12907,Negative
Q12931,Negative
Q12959;Q15700,Negative
Q12972,Negative
Q12982,Negative
Q12983,Negative
Q13018,Negative
Q13057,Negative
Q13085,Negative
Q13087,Negative
Q13093,Negative
Q13103,Negative
Q13113,Negative
Q13145,Negative
Q13162,Negative
Q13201,Negative
Q13214,Negative
Q13217,Negative
Q13228,Negative
Q13231,Negative
Q13263,Negative
Q13275,Negative
Q13283,Negative
Q13308,Negative
Q13310,Negative
Q13332,Negative
Q13347,Negative
Q13370,Negative
Q13404,Negative
Q13421,Negative
Q13433,Negative
Q13438,Negative
Q13443,Negative
Q13444,Negative
Q13449,Negative
Q13464,Negative
Q13501,Negative
Q13508,Negative
Q13510,Negative
Q13519,Negative
Q13547,Negative
Q13554,Negative
Q13557,Negative
Q13591,Negative
Q13634,Negative
Q13641,Negative
Q13642,Negative
Q13683,Negative
Q13740,Negative
Q13769,Negative
Q13790,Negative
Q13813,Negative
Q13822,Negative
Q13838,Negative
Q13867,Negative
Q13873,Negative
Q13885;Q9BVA1,Negative
Q14002,Negative
Q14019,Negative
Q14055,Negative
Q14112,Negative
Q14114,Negative
Q14116,Negative
Q14118,Negative
Q14126,Negative
Q14146,Negative
Q14152,Negative
Q14162,Negative
Q14165,Negative
Q14195,Negative
Q14204,Negative
Q14247,Negative
Q14257,Negative
Q14314,Negative
Q14315,Negative
Q14393,Negative
Q14416,Negative
Q14444,Negative
Q14498,Negative
Q14508,Negative
Q14515,Negative
Q14517,Negative
Q14520,Negative
Q14563,Negative
Q14566,Negative
Q14573,Negative
Q14574,Negative
Q14582,Negative
Q14596,Negative
Q14624,Negative
Q14651,Negative
Q14671,Negative
Q14679,Negative
Q14684,Negative
Q14696,Negative
Q14697,Negative
Q14703,Negative
Q14766,Negative
Q14767,Negative
Q14847,Negative
Q14894,Negative
Q14914,Negative
Q14956,Negative
Q14974,Negative
Q14982,Negative
Q14999,Negative
Q149M9,Negative
Q14C87,Negative
Q14CZ7,Negative
Q14CZ8,Negative
Q14DG7,Negative
Q15008,Negative
Q15029,Negative
Q15046,Negative
Q15063,Negative
Q15084,Negative
Q15113,Negative
Q15121,Negative
Q15124,Negative
Q15166,Negative
Q15181,Negative
Q15185,Negative
Q15223,Negative
Q15233,Negative
Q15256,Negative
Q15257,Negative
Q15262,Negative
Q15303,Negative
Q15306,Negative
Q15363,Negative
Q15375,Negative
Q15424,Negative
Q15435,Negative
Q15459,Negative
Q15485,Negative
Q15493,Negative
Q15582,Negative
Q15631,Negative
Q15637,Negative
Q15691,Negative
Q15714,Negative
Q15717,Negative
Q15746,Negative
Q15751,Negative
Q15768,Negative
Q15782,Negative
Q15818,Negative
Q15828,Negative
Q15846,Negative
Q15904,Negative
Q16222,Negative
Q16270,Negative
Q16288,Negative
Q16322,Negative
Q16363,Negative
Q16394,Negative
Q16531,Negative
Q16539,Negative
Q16543,Negative
Q16553,Negative
Q16555,Negative
Q16568,Negative
Q16576,Negative
Q16581,Negative
Q16610,Negative
Q16620,Negative
Q16627,Negative
Q16629,Negative
Q16643,Negative
Q16651,Negative
Q16653,Negative
Q16658,Negative
Q16661,Negative
Q16674,Negative
Q16706,Negative
Q16769,Negative
Q16787,Negative
Q16799,Negative
Q16827,Negative
Q16832,Negative
Q16849,Negative
Q16881,Negative
Q16890,Negative
Q1AE95;Q8IXX5,Negative
Q24JP5,Negative
Q27J81,Negative
Q29983,Negative
Q2TAL6,Negative
Q2TAY7,Negative
Q2UY09,Negative
Q2WGJ9,Negative
Q2YD98,Negative
Q30154,Negative
Q3KNS1,Negative
Q3KRA6,Negative
Q3SY17,Negative
Q3SY69,Negative
Q3T906,Negative
Q495W5,Negative
Q496H8,Negative
Q496J9,Negative
Q4G0I0,Negative
Q4G148,Negative
Q4KMG0,Negative
Q4LDE5,Negative
Q504Y0,Negative
Q504Y2,Negative
Q53EL9,Negative
Q53GG5,Negative
Q53H76,Negative
Q53R41,Negative
Q53RD9,Negative
Q53RT3,Negative
Q562R1,Negative
Q58EX2,Negative
Q5BIV9,Negative
Q5BLP8,Negative
Q5CZC0,Negative
Q5FVE4,Negative
Q5FWE3,Negative
Q5H8C1,Negative
Q5H9R7,Negative
Q5IJ48,Negative
Q5JRA6,Negative
Q5JRX3,Negative
Q5JSJ4;Q9UL03,Negative
Q5JTV8,Negative
Q5JVF3,Negative
Q5JZY3,Negative
Q5K651,Negative
Q5KU26,Negative
Q5R3F8,Negative
Q5SGD2,Negative
Q5SRI9,Negative
Q5SZI1,Negative
Q5SZK8,Negative
Q5T013,Negative
Q5T1S8,Negative
Q5T280,Negative
Q5T749,Negative
Q5T848,Negative
Q5TA31,Negative
Q5TBA9,Negative
Q5VSG8,Negative
Q5VT25,Negative
Q5VU97,Negative
Q5VUB5,Negative
Q5VUY0,Negative
Q5VV43,Negative
Q5VV63,Negative
Q5VWW1,Negative
Q5VX71,Negative
Q5VY43,Negative
Q5VZ89,Negative
Q5VZF2;Q9NR56,Negative
Q5XPI4,Negative
Q5ZPR3,Negative
Q63HN8,Negative
Q63HQ2,Negative
Q641Q3,Negative
Q658N2,Negative
Q66K79,Negative
Q68BL7,Negative
Q68BL8,Negative
Q68CQ1,Negative
Q68CQ4,Negative
Q68D85,Negative
Q6E0U4,Negative
Q6EMK4,Negative
Q6FHJ7,Negative
Q6GTX8,Negative
Q6IBS0,Negative
Q6IEE7,Negative
Q6IS24,Negative
Q6J9G0,Negative
Q6JBY9,Negative
Q6K0P9,Negative
Q6MZW2,Negative
Q6NUI6,Negative
Q6NUJ2,Negative
Q6NUS6,Negative
Q6NW40,Negative
Q6P179,Negative
Q6P1N9,Negative
Q6P2Q9,Negative
Q6P3X3,Negative
Q6P474;Q6P996,Negative
Q6P499,Negative
Q6P4E1,Negative
Q6P587,Negative
Q6P9A2,Negative
Q6PCB0,Negative
Q6PJF5,Negative
Q6PK18,Negative
Q6PKG0,Negative
Q6PUV4,Negative
Q6QNK2,Negative
Q6UB35,Negative
Q6UVK1,Negative
Q6UVY6,Negative
Q6UW01,Negative
Q6UWH4,Negative
Q6UWJ1,Negative
Q6UWN8,Negative
Q6UWP8,Negative
Q6UWR7,Negative
Q6UWS5,Negative
Q6UWY5,Negative
Q6UX71,Negative
Q6UX72,Negative
Q6UX73,Negative
Q6UXB8,Negative
Q6UXD5,Negative
Q6UXH1,Negative
Q6UXH9,Negative
Q6UXI7,Negative
Q6UXI9,Negative
Q6UXK2,Negative
Q6UXK5,Negative
Q6UXN8,Negative
Q6UXZ4,Negative
Q6UY11,Negative
Q6UY14,Negative
Q6WN34,Negative
Q6XZF7,Negative
Q6YHK3,Negative
Q6ZMI3,Negative
Q6ZMM2,Negative
Q6ZMP0,Negative
Q6ZQQ2,Negative
Q6ZR08,Negative
Q6ZRK6,Negative
Q6ZRP7,Negative
Q6ZSJ9,Negative
Q6ZSY5,Negative
Q6ZVL6,Negative
Q709C8,Negative
Q70CQ2,Negative
Q70JA7,Negative
Q71H61,Negative
Q75T13,Negative
Q765P7,Negative
Q76FK4,Negative
Q76I76,Negative
Q76KP1,Negative
Q76L83,Negative
Q76LX8,Negative
Q76M96,Negative
Q7KYR7;Q8WVV5,Negative
Q7KZF4,Negative
Q7L0X0,Negative
Q7L1V2,Negative
Q7L2H7,Negative
Q7L775,Negative
Q7LFX5,Negative
Q7LGC8,Negative
Q7RTV0,Negative
Q7Z2W4,Negative
Q7Z2Y8,Negative
Q7Z304,Negative
Q7Z388,Negative
Q7Z3B1,Negative
Q7Z3D4,Negative
Q7Z3Z3,Negative
Q7Z408,Negative
Q7Z417,Negative
Q7Z460,Negative
Q7Z4F1,Negative
Q7Z4N2,Negative
Q7Z553,Negative
Q7Z5A7,Negative
Q7Z5A9,Negative
Q7Z5L0,Negative
Q7Z5L7,Negative
Q7Z5N4,Negative
Q7Z6J9,Negative
Q7Z6L0,Negative
Q7Z6L1,Negative
Q7Z6M2,Negative
Q7Z6M3,Negative
Q7Z6Z7,Negative
Q7Z739;Q9BYJ9,Negative
Q7Z7B0,Negative
Q7Z7G0,Negative
Q7Z7H5,Negative
Q7Z7M0,Negative
Q7Z7M8,Negative
Q7Z7M9,Negative
Q86SF2,Negative
Q86SJ2,Negative
Q86SR1,Negative
Q86T13,Negative
Q86TE4,Negative
Q86TH1,Negative
Q86TY3,Negative
Q86U42,Negative
Q86UD1,Negative
Q86UE6,Negative
Q86UN2,Negative
Q86UN3,Negative
Q86UV5,Negative
Q86UW7;Q9ULU8,Negative
Q86UW8,Negative
Q86UX2,Negative
Q86UX7,Negative
Q86V85,Negative
Q86VB7,Negative
Q86VP6,Negative
Q86VQ6,Negative
Q86VR8,Negative
Q86W42,Negative
Q86X29,Negative
Q86XA9,Negative
Q86Y22,Negative
Q86Y38,Negative
Q86Y78,Negative
Q86Y82,Negative
Q86YD3,Negative
Q86YD5,Negative
Q86YL7,Negative
Q86YT9,Negative
Q86YZ3,Negative
Q8IUC8,Negative
Q8IUE6,Negative
Q8IUI8,Negative
Q8IUK5,Negative
Q8IUK8,Negative
Q8IUX7,Negative
Q8IV08,Negative
Q8IV33,Negative
Q8IVA1,Negative
Q8IVN3,Negative
Q8IW52,Negative
Q8IWQ3,Negative
Q8IWS0,Negative
Q8IWT1,Negative
Q8IWU5,Negative
Q8IWU6,Negative
Q8IWV2,Negative
Q8IWY4,Negative
Q8IX30,Negative
Q8IXF0,Negative
Q8IXL6,Negative
Q8IYJ0,Negative
Q8IYQ7,Negative
Q8IYS5,Negative
Q8IZ52,Negative
Q8IZA0,Negative
Q8IZF2,Negative
Q8IZJ1,Negative
Q8IZJ3,Negative
Q8IZJ4,Negative
Q8IZL2,Negative
Q8IZP7,Negative
Q8IZS8,Negative
Q8N0V4,Negative
Q8N0V5,Negative
Q8N0W4;Q8NFZ3,Negative
Q8N0X7,Negative
Q8N111,Negative
Q8N114,Negative
Q8N126,Negative
Q8N128,Negative
Q8N129,Negative
Q8N145,Negative
Q8N264,Negative
Q8N2G4,Negative
Q8N2Q7,Negative
Q8N2S1,Negative
Q8N394,Negative
Q8N3D4,Negative
Q8N3G9,Negative
Q8N3H0,Negative
Q8N3J6,Negative
Q8N3T1,Negative
Q8N3T6,Negative
Q8N3Y1,Negative
Q8N3Z6,Negative
Q8N423,Negative
Q8N428,Negative
Q8N436,Negative
Q8N474,Negative
Q8N475,Negative
Q8N4A0,Negative
Q8N4P2,Negative
Q8N5H7,Negative
Q8N608,Negative
Q8N680,Negative
Q8N6C5,Negative
Q8N6G6,Negative
Q8N6K4,Negative
Q8N6M0,Negative
Q8N6Y1,Negative
Q8N7P1,Negative
Q8N8Z6,Negative
Q8N967,Negative
Q8N9F8,Negative
Q8N9I0,Negative
Q8N9W8,Negative
Q8NA82,Negative
Q8NBI6,Negative
Q8NBJ4,Negative
Q8NBJ7,Negative
Q8NBK3,Negative
Q8NBM8,Negative
Q8NBP7,Negative
Q8NBS9,Negative
Q8NBT2,Negative
Q8NC42,Negative
Q8NC44,Negative
Q8NC51,Negative
Q8NC67,Negative
Q8NC96,Negative
Q8NCC3,Negative
Q8NCH0,Negative
Q8NCL4,Negative
Q8NCW5,Negative
Q8NCW6,Negative
Q8NCX0,Negative
Q8NDH2,Negative
Q8NEF3,Negative
Q8NEG7,Negative
Q8NEP3,Negative
Q8NES3,Negative
Q8NEY8,Negative
Q8NF91,Negative
Q8NFD5;Q9Y651,Negative
Q8NFH3,Negative
Q8NFL0,Negative
Q8NFP4,Negative
Q8NFT8,Negative
Q8NFW8,Negative
Q8NFY4,Negative
Q8NFZ4,Negative
Q8NFZ8,Negative
Q8NGJ5,Negative
Q8NGK1,Negative
Q8NHG7,Negative
Q8NHL6,Negative
Q8NHQ9,Negative
Q8NI22,Negative
Q8NI32,Negative
Q8NI99,Negative
Q8TAB3,Negative
Q8TAG5,Negative
Q8TAL6,Negative
Q8TBP0,Negative
Q8TBP5,Negative
Q8TC20,Negative
Q8TCT8,Negative
Q8TCZ2,Negative
Q8TD31,Negative
Q8TD57,Negative
Q8TD84,Negative
Q8TDB4,Negative
Q8TDF5,Negative
Q8TDJ6,Negative
Q8TDN6,Negative
Q8TDQ0,Negative
Q8TDQ1,Negative
Q8TDQ7,Negative
Q8TDR4,Negative
Q8TDW7,Negative
Q8TEA8,Negative
Q8TER0,Negative
Q8TEU8,Negative
Q8WUD4,Negative
Q8WUJ3,Negative
Q8WUM4,Negative
Q8WVN6,Negative
Q8WVQ1,Negative
Q8WWA0,Negative
Q8WWK9,Negative
Q8WWM7,Negative
Q8WWX9,Negative
Q8WX77,Negative
Q8WXD2,Negative
Q8WXF1,Negative
Q8WXH0,Negative
Q8WXI7,Negative
Q8WXK3,Negative
Q8WY21,Negative
Q8WYK1,Negative
Q8WZ42,Negative
Q8WZ75,Negative
Q8WZA1,Negative
Q92187,Negative
Q92484,Negative
Q92485,Negative
Q92496,Negative
Q92499,Negative
Q92520,Negative
Q92537,Negative
Q92542,Negative
Q92563,Negative
Q92597,Negative
Q92616,Negative
Q92626,Negative
Q92673,Negative
Q92686,Negative
Q92692,Negative
Q92729,Negative
Q92736,Negative
Q92743,Negative
Q92752,Negative
Q92765,Negative
Q92769,Negative
Q92782,Negative
Q92797,Negative
Q92820,Negative
Q92823,Negative
Q92824,Negative
Q92832,Negative
Q92838,Negative
Q92841,Negative
Q92854,Negative
Q92859,Negative
Q92871,Negative
Q92876,Negative
Q92890,Negative
Q92896,Negative
Q92911,Negative
Q92922,Negative
Q92932,Negative
Q92935,Negative
Q92954,Negative
Q92956,Negative
Q93033,Negative
Q93045,Negative
Q93052,Negative
Q93063,Negative
Q93091,Negative
Q969E1,Negative
Q969H8,Negative
Q969P0,Negative
Q969T9,Negative
Q969Y0,Negative
Q969Z4,Negative
Q96A83,Negative
Q96A84,Negative
Q96AM1,Negative
Q96AP7,Negative
Q96AQ6,Negative
Q96B86,Negative
Q96BM1,Negative
Q96BZ4,Negative
Q96C36,Negative
Q96CG8,Negative
Q96CS7,Negative
Q96CT7,Negative
Q96CW5,Negative
Q96CW9,Negative
Q96CX2,Negative
Q96D05,Negative
Q96DD7,Negative
Q96DX5,Negative
Q96DZ1,Negative
Q96EE3,Negative
Q96EE4,Negative
Q96EG1,Negative
Q96EP5,Negative
Q96EU7,Negative
Q96F85,Negative
Q96FE5,Negative
Q96FE7,Negative
Q96FJ2,Negative
Q96FW1,Negative
Q96FX7,Negative
Q96G03,Negative
Q96GD0,Negative
Q96GW7,Negative
Q96HC4,Negative
Q96HD1,Negative
Q96HF1,Negative
Q96HY6,Negative
Q96I24,Negative
Q96I25,Negative
Q96I82,Negative
Q96ID5,Negative
Q96IU4,Negative
Q96IY4,Negative
Q96J42,Negative
Q96JA1,Negative
Q96JF0,Negative
Q96JM3,Negative
Q96JP9,Negative
Q96JQ0,Negative
Q96KD3,Negative
Q96KG7,Negative
Q96KN2,Negative
Q96KP4,Negative
Q96KQ7,Negative
Q96KR1,Negative
Q96KR4,Negative
Q96KV7,Negative
Q96LC7,Negative
Q96LR4,Negative
Q96MK3,Negative
Q96MU7,Negative
Q96MU8,Negative
Q96N03,Negative
Q96NU0;Q9BZ76,Negative
Q96NY7,Negative
Q96NZ9,Negative
Q96P44,Negative
Q96PD2,Negative
Q96PD5,Negative
Q96PK6,Negative
Q96PQ0,Negative
Q96PU8,Negative
Q96PV6,Negative
Q96PX8,Negative
Q96PZ7,Negative
Q96Q15,Negative
Q96QC0,Negative
Q96QR1,Negative
Q96QV1,Negative
Q96RL7,Negative
Q96RW7,Negative
Q96RY7,Negative
Q96S16,Negative
Q96S96,Negative
Q96SB4,Negative
Q96SM3,Negative
Q96SN8,Negative
Q96TA2,Negative
Q96TC7,Negative
Q99417,Negative
Q99426,Negative
Q99435,Negative
Q99442,Negative
Q99447,Negative
Q99459,Negative
Q99471,Negative
Q99497,Negative
Q99519,Negative
Q99523,Negative
Q99538,Negative
Q99542,Negative
Q99574,Negative
Q99598,Negative
Q99623,Negative
Q99650,Negative
Q99674,Negative
Q99698,Negative
Q99715,Negative
Q99727,Negative
Q99731,Negative
Q99733,Negative
Q99757,Negative
Q99784,Negative
Q99805,Negative
Q99941,Negative
Q99946,Negative
Q99969,Negative
Q99972,Negative
Q99983,Negative
Q99985,Negative
Q99988,Negative
Q99996,Negative
Q9BQ16,Negative
Q9BQ51,Negative
Q9BQG1,Negative
Q9BQR3,Negative
Q9BQS7,Negative
Q9BQT9,Negative
Q9BR76,Negative
Q9BRA2,Negative
Q9BRF8,Negative
Q9BRK0,Negative
Q9BRK3,Negative
Q9BRK5,Negative
Q9BRN9,Negative
Q9BRR6,Negative
Q9BRT3,Negative
Q9BRY0,Negative
Q9BS26,Negative
Q9BSG0,Negative
Q9BSG5,Negative
Q9BSL1,Negative
Q9BTC0,Negative
Q9BTY2,Negative
Q9BU40,Negative
Q9BU89,Negative
Q9BUD6,Negative
Q9BUJ2,Negative
Q9BUN1,Negative
Q9BV38,Negative
Q9BVC6,Negative
Q9BVH7,Negative
Q9BVI4,Negative
Q9BW30,Negative
Q9BWD1,Negative
Q9BWJ5,Negative
Q9BWP8,Negative
Q9BWQ8,Negative
Q9BWS9,Negative
Q9BWW7,Negative
Q9BX67,Negative
Q9BX82,Negative
Q9BXJ0,Negative
Q9BXJ1,Negative
Q9BXJ3,Negative
Q9BXJ4,Negative
Q9BXL7,Negative
Q9BXM0,Negative
Q9BXM9,Negative
Q9BXN1,Negative
Q9BXN2,Negative
Q9BXP8,Negative
Q9BXR6,Negative
Q9BXT5,Negative
Q9BXX0,Negative
Q9BY11,Negative
Q9BY67,Negative
Q9BY76,Negative
Q9BY79,Negative
Q9BYC5,Negative
Q9BYD6,Negative
Q9BYH1,Negative
Q9BYJ0,Negative
Q9BYR3,Negative
Q9BYW2,Negative
Q9BZC7,Negative
Q9BZM5,Negative
Q9BZR6,Negative
Q9BZZ2,Negative
Q9C0A0,Negative
Q9C0C4,Negative
Q9C0C9,Negative
Q9C0I3,Negative
Q9C0J8,Negative
Q9GZL7,Negative
Q9GZM5,Negative
Q9GZM7,Negative
Q9GZP0,Negative
Q9GZP4,Negative
Q9GZT3,Negative
Q9GZT8,Negative
Q9GZU1,Negative
Q9GZV7,Negative
Q9GZX3,Negative
Q9GZX9,Negative
Q9H008,Negative
Q9H0E2,Negative
Q9H0Q3,Negative
Q9H0R4,Negative
Q9H0U4,Negative
Q9H0W9,Negative
Q9H0X4,Negative
Q9H156,Negative
Q9H159,Negative
Q9H169,Negative
Q9H173,Negative
Q9H1B5,Negative
Q9H1C7,Negative
Q9H1E3,Negative
Q9H1E5,Negative
Q9H1R2,Negative
Q9H1U4,Negative
Q9H1Z8,Negative
Q9H239,Negative
Q9H254,Negative
Q9H257,Negative
Q9H299,Negative
Q9H2A2,Negative
Q9H2A7,Negative
Q9H2A9,Negative
Q9H2D1,Negative
Q9H2E6,Negative
Q9H2F3,Negative
Q9H2K8,Negative
Q9H2X0,Negative
Q9H2X9,Negative
Q9H307,Negative
Q9H336,Negative
Q9H3G5,Negative
Q9H3S1,Negative
Q9H3S3,Negative
Q9H3T2,Negative
Q9H3T3,Negative
Q9H3U1,Negative
Q9H3Z4,Negative
Q9H461,Negative
Q9H488,Negative
Q9H4A4,Negative
Q9H4A9,Negative
Q9H4D0,Negative
Q9H4F8,Negative
Q9H4M9,Negative
Q9H5Y7,Negative
Q9H6B4,Negative
Q9H6D8,Negative
Q9H6L5,Negative
Q9H6R4,Negative
Q9H6T3,Negative
Q9H6X2,Negative
Q9H6Y7,Negative
Q9H741,Negative
Q9H7C9,Negative
Q9H7M9,Negative
Q9H7Y0,Negative
Q9H8J5,Negative
Q9H8L6,Negative
Q9H939,Negative
Q9H9K5,Negative
Q9H9P2,Negative
Q9H9S5,Negative
Q9HA65,Negative
Q9HA92,Negative
Q9HAR2,Negative
Q9HAT2,Negative
Q9HAV0,Negative
Q9HAV4,Negative
Q9HAV5,Negative
Q9HB40,Negative
Q9HB63,Negative
Q9HB71,Negative
Q9HBB8,Negative
Q9HBI1,Negative
Q9HBR0,Negative
Q9HBT6,Negative
Q9HBW1,Negative
Q9HC07,Negative
Q9HC38,Negative
Q9HC56,Negative
Q9HC57,Negative
Q9HCB6,Negative
Q9HCC0,Negative
Q9HCG8,Negative
Q9HCJ2,Negative
Q9HCJ6,Negative
Q9HCK4,Negative
Q9HCL0,Negative
Q9HCM2,Negative
Q9HCU0,Negative
Q9HCU4,Negative
Q9HDC9,Negative
Q9NNW7,Negative
Q9NNX6,Negative
Q9NP84,Negative
Q9NP86,Negative
Q9NP97,Negative
Q9NPA0,Negative
Q9NPC4,Negative
Q9NPD7,Negative
Q9NPF0,Negative
Q9NPG4,Negative
Q9NPH0,Negative
Q9NPH3,Negative
Q9NPR2,Negative
Q9NPY3,Negative
Q9NQ30,Negative
Q9NQ34,Negative
Q9NQ36,Negative
Q9NQ38,Negative
Q9NQ79,Negative
Q9NQ89,Negative
Q9NQC3,Negative
Q9NQR4,Negative
Q9NQX5,Negative
Q9NQX7,Negative
Q9NR34,Negative
Q9NR45,Negative
Q9NR50,Negative
Q9NR99,Negative
Q9NRA1,Negative
Q9NRB3,Negative
Q9NRN5,Negative
Q9NRP2,Negative
Q9NRR1,Negative
Q9NRV9,Negative
Q9NRX4,Negative
Q9NS00,Negative
Q9NS15,Negative
Q9NS68,Negative
Q9NS69,Negative
Q9NS84,Negative
Q9NS85,Negative
Q9NS91,Negative
Q9NS98,Negative
Q9NSC7,Negative
Q9NSE4,Negative
Q9NT22,Negative
Q9NT68,Negative
Q9NT99,Negative
Q9NTK5,Negative
Q9NTU7,Negative
Q9NU22,Negative
Q9NUM4,Negative
Q9NUQ9,Negative
Q9NV06,Negative
Q9NV66,Negative
Q9NVJ2,Negative
Q9NVL8,Negative
Q9NVM1,Negative
Q9NVP1,Negative
Q9NVV9,Negative
Q9NW97,Negative
Q9NWH9,Negative
Q9NWU5,Negative
Q9NX36,Negative
Q9NX62,Negative
Q9NXC2,Negative
Q9NXG2,Negative
Q9NXS2,Negative
Q9NXW2,Negative
Q9NY15,Negative
Q9NY25,Negative
Q9NY33,Negative
Q9NY47,Negative
Q9NY72,Negative
Q9NY97,Negative
Q9NYF8,Negative
Q9NYP8,Negative
Q9NYQ8,Negative
Q9NYU2,Negative
Q9NYX4,Negative
Q9NYY3,Negative
Q9NZ08,Negative
Q9NZ32,Negative
Q9NZ53,Negative
Q9NZ72,Negative
Q9NZ94,Negative
Q9NZC2,Negative
Q9NZD2,Negative
Q9NZH0,Negative
Q9NZJ4,Negative
Q9NZK5,Negative
Q9NZL9,Negative
Q9NZM1,Negative
Q9NZN1,Negative
Q9NZN3,Negative
Q9NZP8,Negative
Q9NZR2,Negative
Q9NZU0,Negative
Q9NZU1,Negative
Q9NZV1,Negative
Q9P0K1,Negative
Q9P0K9,Negative
Q9P0S2,Negative
Q9P0T7,Negative
Q9P0V3,Negative
Q9P121,Negative
Q9P1Q0,Negative
Q9P1T7,Negative
Q9P232,Negative
Q9P244,Negative
Q9P258,Negative
Q9P273,Negative
Q9P2E7,Negative
Q9P2K2,Negative
Q9P2S2,Negative
Q9P2S5,Negative
Q9P2X0,Negative
Q9UBB9,Negative
Q9UBG0,Negative
Q9UBL0,Negative
Q9UBP4,Negative
Q9UBQ0,Negative
Q9UBQ6,Negative
Q9UBR2,Negative
Q9UBS3,Negative
Q9UBS4,Negative
Q9UBS5,Negative
Q9UBS9,Negative
Q9UBU2,Negative
Q9UBV8,Negative
Q9UBX1,Negative
Q9UBX5,Negative
Q9UBX7,Negative
Q9UDW1,Negative
Q9UEE5,Negative
Q9UEF7,Negative
Q9UEW3,Negative
Q9UF33,Negative
Q9UFP1,Negative
Q9UG63,Negative
Q9UGH3,Negative
Q9UGI6,Negative
Q9UGI8,Negative
Q9UGM5,Negative
Q9UGT4,Negative
Q9UGV2,Negative
Q9UHC6,Negative
Q9UHD8,Negative
Q9UHD9,Negative
Q9UHF0,Negative
Q9UHG2,Negative
Q9UHG3,Negative
Q9UHI8,Negative
Q9UHL4,Negative
Q9UHY7,Negative
Q9UI15,Negative
Q9UI33,Negative
Q9UI40,Negative
Q9UI42,Negative
Q9UIB8,Negative
Q9UII2,Negative
Q9UIK5,Negative
Q9UIQ6,Negative
Q9UIW2,Negative
Q9UJ14,Negative
Q9UJ99,Negative
Q9UJA9,Negative
Q9UJC5,Negative
Q9UJH8,Negative
Q9UJJ9,Negative
Q9UJQ1,Negative
Q9UK22,Negative
Q9UK23,Negative
Q9UK28,Negative
Q9UK41,Negative
Q9UK55,Negative
Q9UK76,Negative
Q9UKB5,Negative
Q9UKJ1,Negative
Q9UKK9,Negative
Q9UKL6,Negative
Q9UKM7,Negative
Q9UKQ2,Negative
Q9UKS7,Negative
Q9UKU6,Negative
Q9UKU9,Negative
Q9UKV8,Negative
Q9UKX2,Negative
Q9UKZ4,Negative
Q9ULB1,Negative
Q9ULB4,Negative
Q9ULB5,Negative
Q9ULF5,Negative
Q9ULH4,Negative
Q9ULI3,Negative
Q9ULK6,Negative
Q9ULL4,Negative
Q9ULP0,Negative
Q9ULV1,Negative
Q9ULV4,Negative
Q9ULX3,Negative
Q9ULX5,Negative
Q9ULX7,Negative
Q9ULZ3,Negative
Q9ULZ9,Negative
Q9UM21,Negative
Q9UM22,Negative
Q9UM47,Negative
Q9UMF0,Negative
Q9UMS4,Negative
Q9UMX0,Negative
Q9UMX5,Negative
Q9UMY4,Negative
Q9UN36,Negative
Q9UN70,Negative
Q9UNA4,Negative
Q9UNE7,Negative
Q9UNN8,Negative
Q9UNW1,Negative
Q9UNZ2,Negative
Q9UP38,Negative
Q9UP79,Negative
Q9UPN3,Negative
Q9UPU3,Negative
Q9UPZ6,Negative
Q9UQ35,Negative
Q9UQ52,Negative
Q9UQ80,Negative
Q9UQM7,Negative
Q9UQR0,Negative
Q9Y219,Negative
Q9Y227,Negative
Q9Y237,Negative
Q9Y240,Negative
Q9Y274,Negative
Q9Y275,Negative
Q9Y279,Negative
Q9Y281,Negative
Q9Y287,Negative
Q9Y2B0,Negative
Q9Y2B1,Negative
Q9Y2E5,Negative
Q9Y2G1,Negative
Q9Y2G5,Negative
Q9Y2G8,Negative
Q9Y2I2,Negative
Q9Y2J2,Negative
Q9Y2Q3,Negative
Q9Y2R0,Negative
Q9Y2S7,Negative
Q9Y2T3,Negative
Q9Y2Z0,Negative
Q9Y328,Negative
Q9Y334,Negative
Q9Y383,Negative
Q9Y3B3,Negative
Q9Y3C5,Negative
Q9Y3D6,Negative
Q9Y3Q3,Negative
Q9Y490,Negative
Q9Y4C0,Negative
Q9Y4D7,Negative
Q9Y4E8,Negative
Q9Y4L1,Negative
Q9Y520,Negative
Q9Y547,Negative
Q9Y572,Negative
Q9Y580,Negative
Q9Y5A9,Negative
Q9Y5E8,Negative
Q9Y5E9,Negative
Q9Y5F6,Negative
Q9Y5F7,Negative
Q9Y5F8,Negative
Q9Y5G0,Negative
Q9Y5G3,Negative
Q9Y5G4,Negative
Q9Y5G9,Negative
Q9Y5H2,Negative
Q9Y5H8;Q9Y5I0,Negative
Q9Y5I4,Negative
Q9Y5K5,Negative
Q9Y5L0,Negative
Q9Y5L2,Negative
Q9Y5R2,Negative
Q9Y5W5,Negative
Q9Y5X9,Negative
Q9Y5Y7,Negative
Q9Y5Z4,Negative
Q9Y617,Negative
Q9Y623,Negative
Q9Y624,Negative
Q9Y625,Negative
Q9Y639,Negative
Q9Y644,Negative
Q9Y646,Negative
Q9Y653,Negative
Q9Y680,Negative
Q9Y6C2,Negative
Q9Y6E2,Negative
Q9Y6F9,Negative
Q9Y6G3,Negative
Q9Y6G9,Negative
Q9Y6L7,Negative
Q9Y6N6,Negative
Q9Y6N7,Negative
Q9Y6N8,Negative
Q9Y6Q6,Negative
Q9Y6R1,Negative
Q9Y6R7,Negative
Q9Y6X5,Negative
Q9Y6Z7,Negative
A0A075B6R9;A0A0C4DH68,Positive
A0A075B7B8,Positive
A0A075B7D8,Positive
A0A0B4J1U3,Positive
A0A0B4J2B8,Positive
A0M8Q6,Positive
A6NKN8,Positive
O00182,Positive
O00244,Positive
O00292,Positive
O00299,Positive
O14960,Positive
O14980,Positive
O15335,Positive
O43169,Positive
O43240,Positive
O43323,Positive
O43491,Positive
O60306,Positive
O60469,Positive
O60664,Positive
O75093,Positive
O75339,Positive
O75347,Positive
O75394,Positive
O75439,Positive
O75493,Positive
O75636,Positive
O94973,Positive
O95025,Positive
O95292,Positive
P00995,Positive
P01185,Positive
P01282,Positive
P01903,Positive
P02585,Positive
P02818,Positive
P04430,Positive
P04843,Positive
P04908;P0C0S8;P20671;Q16777;Q6FI13;Q7L7L0;Q93077;Q96KK5;Q99878;Q9BTM1,Positive
P05019,Positive
P05062,Positive
P05451,Positive
P06213,Positive
P06310,Positive
P06493,Positive
P06753,Positive
P06858,Positive
P07478,Positive
P07585,Positive
P07738,Positive
P08236,Positive
P08246,Positive
P08519,Positive
P08621,Positive
P08833,Positive
P09471,Positive
P09496,Positive
P09668,Positive
P10720,Positive
P14174,Positive
P14324,Positive
P14415,Positive
P14778,Positive
P14780,Positive
P14854,Positive
P15153,Positive
P15509,Positive
P15586,Positive
P16284,Positive
P19438,Positive
P20036,Positive
P20382,Positive
P20929,Positive
P20962,Positive
P21399,Positive
P21453,Positive
P21554,Positive
P22090;P62701,Positive
P22223,Positive
P23381,Positive
P23434,Positive
P25686,Positive
P25774,Positive
P26639,Positive
P26641,Positive
P27348,Positive
P27635,Positive
P28838,Positive
P29972,Positive
P30153,Positive
P30273,Positive
P30711,Positive
P31943,Positive
P32969,Positive
P36897,Positive
P37235,Positive
P40818,Positive
P46109,Positive
P47755,Positive
P49862,Positive
P50991,Positive
P52797,Positive
P54725,Positive
P55001,Positive
P55008,Positive
P59998,Positive
P60842;Q14240,Positive
P60953,Positive
P61247,Positive
P61313,Positive
P61812,Positive
P61960,Positive
P62195,Positive
P62995,Positive
P68431;P84243;Q16695;Q71DI3,Positive
P69891;P69892,Positive
P78357,Positive
P84157,Positive
Q07021,Positive
Q07960,Positive
Q08945,Positive
Q10713,Positive
Q12913,Positive
Q13232,Positive
Q13356,Positive
Q13361,Positive
Q13555,Positive
Q14213,Positive
Q15149,Positive
Q15165,Positive
Q15198,Positive
Q15293,Positive
Q15393,Positive
Q15465,Positive
Q15643,Positive
Q15819,Positive
Q15847,Positive
Q15848,Positive
Q15942,Positive
Q16143,Positive
Q16352,Positive
Q16663,Positive
Q16775,Positive
Q16819,Positive
Q16853,Positive
Q2TBF2,Positive
Q5D862,Positive
Q5JS37,Positive
Q5T4S7,Positive
Q5UCC4,Positive
Q6N022,Positive
Q6P4A8,Positive
Q6UX15,Positive
Q6ZN44,Positive
Q7L1I2,Positive
Q7L985,Positive
Q7RTP6,Positive
Q7Z794,Positive
Q86VZ4,Positive
Q86Y37,Positive
Q8IUL8,Positive
Q8IVN8,Positive
Q8IWX8,Positive
Q8IX05,Positive
Q8IYR6,Positive
Q8IZU9,Positive
Q8N149,Positive
Q8N3Z0,Positive
Q8N6Q3,Positive
Q8NBI3,Positive
Q8NCM8,Positive
Q8NHJ6,Positive
Q8NHP8,Positive
Q8TB96,Positive
Q8TDY2,Positive
Q8WVF2,Positive
Q92973,Positive
Q93070,Positive
Q969Z0,Positive
Q96A32,Positive
Q96BY9,Positive
Q96DG6,Positive
Q96JB1,Positive
Q96QE2,Positive
Q96RP7,Positive
Q99536,Positive
Q99584,Positive
Q9BT09,Positive
Q9BT88,Positive
Q9BUJ0,Positive
Q9BWV1,Positive
Q9BXS4,Positive
Q9GZP1,Positive
Q9H251,Positive
Q9H3U7,Positive
Q9H4G4,Positive
Q9H8Y8,Positive
Q9HD45,Positive
Q9HD89,Positive
Q9NPG1,Positive
Q9NQ76,Positive
Q9NQS3,Positive
Q9NQX4,Positive
Q9NS71,Positive
Q9NU53,Positive
Q9NWD8,Positive
Q9NWF9,Positive
Q9NWV4,Positive
Q9P035,Positive
Q9P0L0,Positive
Q9P1F3,Positive
Q9P2W7,Positive
Q9UBV2,Positive
Q9UF11,Positive
Q9UGN4,Positive
Q9UHA4,Positive
Q9ULC0,Positive
Q9UN67;Q9Y5E1,Positive
Q9Y266,Positive
Q9Y2C2,Positive
Q9Y696,Positive
Q9Y6D5;Q9Y6D6,Positive
Q9Y6Y9,Positive
